DriverKey,Name,BranchKey
1,Driver_1,2
2,Driver_2,2
3,Driver_3,3
4,Driver_4,3
5,Driver_5,2
6,Driver_6,2
7,Driver_7,1
8,Driver_8,1
9,Driver_9,4
10,Driver_10,4
11,Driver_11,2
12,Driver_12,4
13,Driver_13,3
14,Driver_14,3
15,Driver_15,3
16,Driver_16,1
17,Driver_17,1
18,Driver_18,3
19,Driver_19,3
20,Driver_20,2
21,Driver_21,4
22,Driver_22,4
23,Driver_23,1
24,Driver_24,4
25,Driver_25,4
26,Driver_26,4
27,Driver_27,1
28,Driver_28,3
29,Driver_29,3
30,Driver_30,3
31,Driver_31,4
32,Driver_32,3
33,Driver_33,4
34,Driver_34,4
35,Driver_35,4
36,Driver_36,3
37,Driver_37,2
38,Driver_38,2
39,Driver_39,4
40,Driver_40,1
41,Driver_41,3
42,Driver_42,2
43,Driver_43,3
44,Driver_44,4
45,Driver_45,4
46,Driver_46,2
47,Driver_47,4
48,Driver_48,3
49,Driver_49,2
50,Driver_50,3
51,Driver_51,3
52,Driver_52,2
53,Driver_53,3
54,Driver_54,2
55,Driver_55,2
56,Driver_56,3
57,Driver_57,2
58,Driver_58,3
59,Driver_59,3
60,Driver_60,3
61,Driver_61,4
62,Driver_62,4
63,Driver_63,3
64,Driver_64,3
65,Driver_65,2
66,Driver_66,3
67,Driver_67,3
68,Driver_68,1
69,Driver_69,3
70,Driver_70,3
71,Driver_71,4
72,Driver_72,4
73,Driver_73,3
74,Driver_74,2
75,Driver_75,1
76,Driver_76,4
77,Driver_77,4
78,Driver_78,2
79,Driver_79,3
80,Driver_80,1
81,Driver_81,1
82,Driver_82,2
83,Driver_83,2
84,Driver_84,4
85,Driver_85,3
86,Driver_86,2
87,Driver_87,3
88,Driver_88,4
89,Driver_89,4
90,Driver_90,1
91,Driver_91,2
92,Driver_92,1
93,Driver_93,2
94,Driver_94,1
95,Driver_95,3
96,Driver_96,2
97,Driver_97,2
98,Driver_98,2
99,Driver_99,2
100,Driver_100,2
101,Driver_101,3
102,Driver_102,1
103,Driver_103,2
104,Driver_104,3
105,Driver_105,3
106,Driver_106,2
107,Driver_107,1
108,Driver_108,1
109,Driver_109,4
110,Driver_110,3
111,Driver_111,3
112,Driver_112,4
113,Driver_113,1
114,Driver_114,4
115,Driver_115,3
116,Driver_116,1
117,Driver_117,3
118,Driver_118,4
119,Driver_119,3
120,Driver_120,4
